{
  "Stable": {
    "precision": 0.9638341664216407,
    "recall": 0.9565217391304348,
    "f1-score": 0.9601640304628002,
    "support": 3427.0
  },
  "Volatile": {
    "precision": 0.8493427704752275,
    "recall": 0.8722741433021807,
    "f1-score": 0.860655737704918,
    "support": 963.0
  },
  "accuracy": 0.9380410022779043,
  "macro avg": {
    "precision": 0.9065884684484341,
    "recall": 0.9143979412163077,
    "f1-score": 0.910409884083859,
    "support": 4390.0
  },
  "weighted avg": {
    "precision": 0.938719083438407,
    "recall": 0.9380410022779043,
    "f1-score": 0.9383356737598751,
    "support": 4390.0
  }
}