{
  "train": {
    "accuracy": 0.9400774663932558,
    "precision": 0.8591452991452991,
    "recall": 0.8695501730103806,
    "f1": 0.8643164230438521,
    "roc_auc": 0.9847256934472214,
    "pr_auc": 0.9520517808240428
  },
  "validation": {
    "accuracy": 0.9387104123946229,
    "precision": 0.8533604887983707,
    "recall": 0.8701973001038421,
    "f1": 0.8616966580976864,
    "roc_auc": 0.9833028111339648,
    "pr_auc": 0.9469571848461334
  },
  "test": {
    "accuracy": 0.9380410022779043,
    "precision": 0.8493427704752275,
    "recall": 0.8722741433021807,
    "f1": 0.860655737704918,
    "roc_auc": 0.9822947147764637,
    "pr_auc": 0.9464302362200568
  }
}